,Age,Embarked,Survived,Pclass,Sex,SibSp,Parch,Fare
0,22.0,Southampton,0,3,male,1,0,7.25
2,26.0,Southampton,1,3,female,0,0,7.925
3,35.0,Southampton,1,1,female,1,0,53.1
4,35.0,Southampton,0,3,male,0,0,8.05
5,29.69911764705882,Queenstown,0,3,male,0,0,8.4583
6,54.0,Southampton,0,1,male,0,0,51.8625
7,2.0,Southampton,0,3,male,3,1,21.075
8,27.0,Southampton,1,3,female,0,2,11.1333
9,14.0,Cherbourg,1,2,female,1,0,30.0708
10,4.0,Southampton,1,3,female,1,1,16.7
11,58.0,Southampton,1,1,female,0,0,26.55
12,20.0,Southampton,0,3,male,0,0,8.05
13,39.0,Southampton,0,3,male,1,5,31.275
14,14.0,Southampton,0,3,female,0,0,7.8542
15,55.0,Southampton,1,2,female,0,0,16.0
16,2.0,Queenstown,0,3,male,4,1,29.125
17,29.69911764705882,Southampton,1,2,male,0,0,13.0
18,31.0,Southampton,0,3,female,1,0,18.0
19,29.69911764705882,Cherbourg,1,3,female,0,0,7.225
20,35.0,Southampton,0,2,male,0,0,26.0
21,34.0,Southampton,1,2,male,0,0,13.0
22,15.0,Queenstown,1,3,female,0,0,8.0292
23,28.0,Southampton,1,1,male,0,0,35.5
24,8.0,Southampton,0,3,female,3,1,21.075
25,38.0,Southampton,1,3,female,1,5,31.3875
26,29.69911764705882,Cherbourg,0,3,male,0,0,7.225
28,29.69911764705882,Queenstown,1,3,female,0,0,7.8792
29,29.69911764705882,Southampton,0,3,male,0,0,7.8958
30,40.0,Cherbourg,0,1,male,0,0,27.7208
32,29.69911764705882,Queenstown,1,3,female,0,0,7.75
33,66.0,Southampton,0,2,male,0,0,10.5
35,42.0,Southampton,0,1,male,1,0,52.0
36,29.69911764705882,Cherbourg,1,3,male,0,0,7.2292
37,21.0,Southampton,0,3,male,0,0,8.05
38,18.0,Southampton,0,3,female,2,0,18.0
39,14.0,Cherbourg,1,3,female,1,0,11.2417
40,40.0,Southampton,0,3,female,1,0,9.475
41,27.0,Southampton,0,2,female,1,0,21.0
42,29.69911764705882,Cherbourg,0,3,male,0,0,7.8958
43,3.0,Cherbourg,1,2,female,1,2,41.5792
44,19.0,Queenstown,1,3,female,0,0,7.8792
45,29.69911764705882,Southampton,0,3,male,0,0,8.05
46,29.69911764705882,Queenstown,0,3,male,1,0,15.5
47,29.69911764705882,Queenstown,1,3,female,0,0,7.75
48,29.69911764705882,Cherbourg,0,3,male,2,0,21.6792
49,18.0,Southampton,0,3,female,1,0,17.8
50,7.0,Southampton,0,3,male,4,1,39.6875
51,21.0,Southampton,0,3,male,0,0,7.8
53,29.0,Southampton,1,2,female,1,0,26.0
54,65.0,Cherbourg,0,1,male,0,1,61.9792
55,29.69911764705882,Southampton,1,1,male,0,0,35.5
56,21.0,Southampton,1,2,female,0,0,10.5
57,28.5,Cherbourg,0,3,male,0,0,7.2292
58,5.0,Southampton,1,2,female,1,2,27.75
59,11.0,Southampton,0,3,male,5,2,46.9
60,22.0,Cherbourg,0,3,male,0,0,7.2292
63,4.0,Southampton,0,3,male,3,2,27.9
64,29.69911764705882,Cherbourg,0,1,male,0,0,27.7208
65,29.69911764705882,Cherbourg,1,3,male,1,1,15.2458
66,29.0,Southampton,1,2,female,0,0,10.5
67,19.0,Southampton,0,3,male,0,0,8.1583
68,17.0,Southampton,1,3,female,4,2,7.925
69,26.0,Southampton,0,3,male,2,0,8.6625
70,32.0,Southampton,0,2,male,0,0,10.5
71,16.0,Southampton,0,3,female,5,2,46.9
73,26.0,Cherbourg,0,3,male,1,0,14.4542
74,32.0,Southampton,1,3,male,0,0,56.4958
75,25.0,Southampton,0,3,male,0,0,7.65
76,29.69911764705882,Southampton,0,3,male,0,0,7.8958
77,29.69911764705882,Southampton,0,3,male,0,0,8.05
78,0.83,Southampton,1,2,male,0,2,29.0
79,30.0,Southampton,1,3,female,0,0,12.475
80,22.0,Southampton,0,3,male,0,0,9.0
81,29.0,Southampton,1,3,male,0,0,9.5
82,29.69911764705882,Queenstown,1,3,female,0,0,7.7875
83,28.0,Southampton,0,1,male,0,0,47.1
84,17.0,Southampton,1,2,female,0,0,10.5
85,33.0,Southampton,1,3,female,3,0,15.85
86,16.0,Southampton,0,3,male,1,3,34.375
87,29.69911764705882,Southampton,0,3,male,0,0,8.05
89,24.0,Southampton,0,3,male,0,0,8.05
90,29.0,Southampton,0,3,male,0,0,8.05
91,20.0,Southampton,0,3,male,0,0,7.8542
92,46.0,Southampton,0,1,male,1,0,61.175
93,26.0,Southampton,0,3,male,1,2,20.575
94,59.0,Southampton,0,3,male,0,0,7.25
95,29.69911764705882,Southampton,0,3,male,0,0,8.05
96,71.0,Cherbourg,0,1,male,0,0,34.6542
97,23.0,Cherbourg,1,1,male,0,1,63.3583
98,34.0,Southampton,1,2,female,0,1,23.0
99,34.0,Southampton,0,2,male,1,0,26.0
100,28.0,Southampton,0,3,female,0,0,7.8958
101,29.69911764705882,Southampton,0,3,male,0,0,7.8958
103,33.0,Southampton,0,3,male,0,0,8.6542
104,37.0,Southampton,0,3,male,2,0,7.925
105,28.0,Southampton,0,3,male,0,0,7.8958
106,21.0,Southampton,1,3,female,0,0,7.65
107,29.69911764705882,Southampton,1,3,male,0,0,7.775
108,38.0,Southampton,0,3,male,0,0,7.8958
109,29.69911764705882,Queenstown,1,3,female,1,0,24.15
110,47.0,Southampton,0,1,male,0,0,52.0
111,14.5,Cherbourg,0,3,female,1,0,14.4542
112,22.0,Southampton,0,3,male,0,0,8.05
113,20.0,Southampton,0,3,female,1,0,9.825
114,17.0,Cherbourg,0,3,female,0,0,14.4583
115,21.0,Southampton,0,3,male,0,0,7.925
116,70.5,Queenstown,0,3,male,0,0,7.75
117,29.0,Southampton,0,2,male,1,0,21.0
119,2.0,Southampton,0,3,female,4,2,31.275
121,29.69911764705882,Southampton,0,3,male,0,0,8.05
122,32.5,Cherbourg,0,2,male,1,0,30.0708
123,32.5,Southampton,1,2,female,0,0,13.0
125,12.0,Cherbourg,1,3,male,1,0,11.2417
126,29.69911764705882,Queenstown,0,3,male,0,0,7.75
127,24.0,Southampton,1,3,male,0,0,7.1417
128,29.69911764705882,Cherbourg,1,3,female,1,1,22.3583
129,45.0,Southampton,0,3,male,0,0,6.975
130,33.0,Cherbourg,0,3,male,0,0,7.8958
131,20.0,Southampton,0,3,male,0,0,7.05
132,47.0,Southampton,0,3,female,1,0,14.5
133,29.0,Southampton,1,2,female,1,0,26.0
134,25.0,Southampton,0,2,male,0,0,13.0
135,23.0,Cherbourg,0,2,male,0,0,15.0458
136,19.0,Southampton,1,1,female,0,2,26.2833
137,37.0,Southampton,0,1,male,1,0,53.1
138,16.0,Southampton,0,3,male,0,0,9.2167
140,29.69911764705882,Cherbourg,0,3,female,0,2,15.2458
141,22.0,Southampton,1,3,female,0,0,7.75
142,24.0,Southampton,1,3,female,1,0,15.85
143,19.0,Queenstown,0,3,male,0,0,6.75
144,18.0,Southampton,0,2,male,0,0,11.5
145,19.0,Southampton,0,2,male,1,1,36.75
146,27.0,Southampton,1,3,male,0,0,7.7958
147,9.0,Southampton,0,3,female,2,2,34.375
148,36.5,Southampton,0,2,male,0,2,26.0
149,42.0,Southampton,0,2,male,0,0,13.0
150,51.0,Southampton,0,2,male,0,0,12.525
152,55.5,Southampton,0,3,male,0,0,8.05
153,40.5,Southampton,0,3,male,0,2,14.5
154,29.69911764705882,Southampton,0,3,male,0,0,7.3125
155,51.0,Cherbourg,0,1,male,0,1,61.3792
156,16.0,Queenstown,1,3,female,0,0,7.7333
157,30.0,Southampton,0,3,male,0,0,8.05
158,29.69911764705882,Southampton,0,3,male,0,0,8.6625
160,44.0,Southampton,0,3,male,0,1,16.1
161,40.0,Southampton,1,2,female,0,0,15.75
162,26.0,Southampton,0,3,male,0,0,7.775
163,17.0,Southampton,0,3,male,0,0,8.6625
164,1.0,Southampton,0,3,male,4,1,39.6875
165,9.0,Southampton,1,3,male,0,2,20.525
166,29.69911764705882,Southampton,1,1,female,0,1,55.0
167,45.0,Southampton,0,3,female,1,4,27.9
168,29.69911764705882,Southampton,0,1,male,0,0,25.925
169,28.0,Southampton,0,3,male,0,0,56.4958
170,61.0,Southampton,0,1,male,0,0,33.5
171,4.0,Queenstown,0,3,male,4,1,29.125
172,1.0,Southampton,1,3,female,1,1,11.1333
173,21.0,Southampton,0,3,male,0,0,7.925
174,56.0,Cherbourg,0,1,male,0,0,30.6958
175,18.0,Southampton,0,3,male,1,1,7.8542
176,29.69911764705882,Southampton,0,3,male,3,1,25.4667
177,50.0,Cherbourg,0,1,female,0,0,28.7125
178,30.0,Southampton,0,2,male,0,0,13.0
179,36.0,Southampton,0,3,male,0,0,0.0
181,29.69911764705882,Cherbourg,0,2,male,0,0,15.05
182,9.0,Southampton,0,3,male,4,2,31.3875
183,1.0,Southampton,1,2,male,2,1,39.0
184,4.0,Southampton,1,3,female,0,2,22.025
185,29.69911764705882,Southampton,0,1,male,0,0,50.0
186,29.69911764705882,Queenstown,1,3,female,1,0,15.5
187,45.0,Southampton,1,1,male,0,0,26.55
188,40.0,Queenstown,0,3,male,1,1,15.5
189,36.0,Southampton,0,3,male,0,0,7.8958
190,32.0,Southampton,1,2,female,0,0,13.0
191,19.0,Southampton,0,2,male,0,0,13.0
192,19.0,Southampton,1,3,female,1,0,7.8542
193,3.0,Southampton,1,2,male,1,1,26.0
194,44.0,Cherbourg,1,1,female,0,0,27.7208
196,29.69911764705882,Queenstown,0,3,male,0,0,7.75
197,42.0,Southampton,0,3,male,0,1,8.4042
198,29.69911764705882,Queenstown,1,3,female,0,0,7.75
199,24.0,Southampton,0,2,female,0,0,13.0
200,28.0,Southampton,0,3,male,0,0,9.5
202,34.0,Southampton,0,3,male,0,0,6.4958
203,45.5,Cherbourg,0,3,male,0,0,7.225
204,18.0,Southampton,1,3,male,0,0,8.05
205,2.0,Southampton,0,3,female,0,1,10.4625
206,32.0,Southampton,0,3,male,1,0,15.85
207,26.0,Cherbourg,1,3,male,0,0,18.7875
208,16.0,Queenstown,1,3,female,0,0,7.75
209,40.0,Cherbourg,1,1,male,0,0,31.0
210,24.0,Southampton,0,3,male,0,0,7.05
211,35.0,Southampton,1,2,female,0,0,21.0
212,22.0,Southampton,0,3,male,0,0,7.25
213,30.0,Southampton,0,2,male,0,0,13.0
214,29.69911764705882,Queenstown,0,3,male,1,0,7.75
216,27.0,Southampton,1,3,female,0,0,7.925
217,42.0,Southampton,0,2,male,1,0,27.0
219,30.0,Southampton,0,2,male,0,0,10.5
220,16.0,Southampton,1,3,male,0,0,8.05
221,27.0,Southampton,0,2,male,0,0,13.0
222,51.0,Southampton,0,3,male,0,0,8.05
223,29.69911764705882,Southampton,0,3,male,0,0,7.8958
225,22.0,Southampton,0,3,male,0,0,9.35
226,19.0,Southampton,1,2,male,0,0,10.5
227,20.5,Southampton,0,3,male,0,0,7.25
228,18.0,Southampton,0,2,male,0,0,13.0
229,29.69911764705882,Southampton,0,3,female,3,1,25.4667
231,29.0,Southampton,0,3,male,0,0,7.775
232,59.0,Southampton,0,2,male,0,0,13.5
233,5.0,Southampton,1,3,female,4,2,31.3875
234,24.0,Southampton,0,2,male,0,0,10.5
235,29.69911764705882,Southampton,0,3,female,0,0,7.55
236,44.0,Southampton,0,2,male,1,0,26.0
237,8.0,Southampton,1,2,female,0,2,26.25
238,19.0,Southampton,0,2,male,0,0,10.5
239,33.0,Southampton,0,2,male,0,0,12.275
240,29.69911764705882,Cherbourg,0,3,female,1,0,14.4542
241,29.69911764705882,Queenstown,1,3,female,1,0,15.5
242,29.0,Southampton,0,2,male,0,0,10.5
243,22.0,Southampton,0,3,male,0,0,7.125
244,30.0,Cherbourg,0,3,male,0,0,7.225
246,25.0,Southampton,0,3,female,0,0,7.775
247,24.0,Southampton,1,2,female,0,2,14.5
248,37.0,Southampton,1,1,male,1,1,52.5542
249,54.0,Southampton,0,2,male,1,0,26.0
250,29.69911764705882,Southampton,0,3,male,0,0,7.25
251,29.0,Southampton,0,3,female,1,1,10.4625
252,62.0,Southampton,0,1,male,0,0,26.55
253,30.0,Southampton,0,3,male,1,0,16.1
254,41.0,Southampton,0,3,female,0,2,20.2125
255,29.0,Cherbourg,1,3,female,0,2,15.2458
259,50.0,Southampton,1,2,female,0,1,26.0
260,29.69911764705882,Queenstown,0,3,male,0,0,7.75
261,3.0,Southampton,1,3,male,4,2,31.3875
263,40.0,Southampton,0,1,male,0,0,0.0
264,29.69911764705882,Queenstown,0,3,female,0,0,7.75
265,36.0,Southampton,0,2,male,0,0,10.5
266,16.0,Southampton,0,3,male,4,1,39.6875
267,25.0,Southampton,1,3,male,1,0,7.775
270,29.69911764705882,Southampton,0,1,male,0,0,31.0
271,25.0,Southampton,1,3,male,0,0,0.0
272,41.0,Southampton,1,2,female,0,1,19.5
273,37.0,Cherbourg,0,1,male,0,1,29.7
274,29.69911764705882,Queenstown,1,3,female,0,0,7.75
276,45.0,Southampton,0,3,female,0,0,7.75
277,29.69911764705882,Southampton,0,2,male,0,0,0.0
278,7.0,Queenstown,0,3,male,4,1,29.125
279,35.0,Southampton,1,3,female,1,1,20.25
280,65.0,Queenstown,0,3,male,0,0,7.75
281,28.0,Southampton,0,3,male,0,0,7.8542
282,16.0,Southampton,0,3,male,0,0,9.5
283,19.0,Southampton,1,3,male,0,0,8.05
284,29.69911764705882,Southampton,0,1,male,0,0,26.0
285,33.0,Cherbourg,0,3,male,0,0,8.6625
286,30.0,Southampton,1,3,male,0,0,9.5
287,22.0,Southampton,0,3,male,0,0,7.8958
288,42.0,Southampton,1,2,male,0,0,13.0
289,22.0,Queenstown,1,3,female,0,0,7.75
292,36.0,Cherbourg,0,2,male,0,0,12.875
293,24.0,Southampton,0,3,female,0,0,8.85
294,24.0,Southampton,0,3,male,0,0,7.8958
295,29.69911764705882,Cherbourg,0,1,male,0,0,27.7208
296,23.5,Cherbourg,0,3,male,0,0,7.2292
298,29.69911764705882,Southampton,1,1,male,0,0,30.5
300,29.69911764705882,Queenstown,1,3,female,0,0,7.75
301,29.69911764705882,Queenstown,1,3,male,2,0,23.25
302,19.0,Southampton,0,3,male,0,0,0.0
303,29.69911764705882,Queenstown,1,2,female,0,0,12.35
304,29.69911764705882,Southampton,0,3,male,0,0,8.05
308,30.0,Cherbourg,0,2,male,1,0,24.0
309,30.0,Cherbourg,1,1,female,0,0,56.9292
312,26.0,Southampton,0,2,female,1,1,26.0
313,28.0,Southampton,0,3,male,0,0,7.8958
314,43.0,Southampton,0,2,male,1,1,26.25
315,26.0,Southampton,1,3,female,0,0,7.8542
316,24.0,Southampton,1,2,female,1,0,26.0
317,54.0,Southampton,0,2,male,0,0,14.0
320,22.0,Southampton,0,3,male,0,0,7.25
321,27.0,Southampton,0,3,male,0,0,7.8958
322,30.0,Queenstown,1,2,female,0,0,12.35
323,22.0,Southampton,1,2,female,1,1,29.0
326,61.0,Southampton,0,3,male,0,0,6.2375
327,36.0,Southampton,1,2,female,0,0,13.0
328,31.0,Southampton,1,3,female,1,1,20.525
329,16.0,Cherbourg,1,1,female,0,1,57.9792
330,29.69911764705882,Queenstown,1,3,female,2,0,23.25
331,45.5,Southampton,0,1,male,0,0,28.5
333,16.0,Southampton,0,3,male,2,0,18.0
335,29.69911764705882,Southampton,0,3,male,0,0,7.8958
338,45.0,Southampton,1,3,male,0,0,8.05
339,45.0,Southampton,0,1,male,0,0,35.5
340,2.0,Southampton,1,2,male,1,1,26.0
342,28.0,Southampton,0,2,male,0,0,13.0
343,25.0,Southampton,0,2,male,0,0,13.0
344,36.0,Southampton,0,2,male,0,0,13.0
345,24.0,Southampton,1,2,female,0,0,13.0
346,40.0,Southampton,1,2,female,0,0,13.0
347,29.69911764705882,Southampton,1,3,female,1,0,16.1
348,3.0,Southampton,1,3,male,1,1,15.9
349,42.0,Southampton,0,3,male,0,0,8.6625
350,23.0,Southampton,0,3,male,0,0,9.225
351,29.69911764705882,Southampton,0,1,male,0,0,35.0
352,15.0,Cherbourg,0,3,male,1,1,7.2292
353,25.0,Southampton,0,3,male,1,0,17.8
354,29.69911764705882,Cherbourg,0,3,male,0,0,7.225
355,28.0,Southampton,0,3,male,0,0,9.5
356,22.0,Southampton,1,1,female,0,1,55.0
357,38.0,Southampton,0,2,female,0,0,13.0
358,29.69911764705882,Queenstown,1,3,female,0,0,7.8792
359,29.69911764705882,Queenstown,1,3,female,0,0,7.8792
360,40.0,Southampton,0,3,male,1,4,27.9
361,29.0,Cherbourg,0,2,male,1,0,27.7208
362,45.0,Cherbourg,0,3,female,0,1,14.4542
363,35.0,Southampton,0,3,male,0,0,7.05
364,29.69911764705882,Queenstown,0,3,male,1,0,15.5
365,30.0,Southampton,0,3,male,0,0,7.25
367,29.69911764705882,Cherbourg,1,3,female,0,0,7.2292
368,29.69911764705882,Queenstown,1,3,female,0,0,7.75
370,25.0,Cherbourg,1,1,male,1,0,55.4417
371,18.0,Southampton,0,3,male,1,0,6.4958
372,19.0,Southampton,0,3,male,0,0,8.05
374,3.0,Southampton,0,3,female,3,1,21.075
376,22.0,Southampton,1,3,female,0,0,7.25
378,20.0,Cherbourg,0,3,male,0,0,4.0125
379,19.0,Southampton,0,3,male,0,0,7.775
381,1.0,Cherbourg,1,3,female,0,2,15.7417
382,32.0,Southampton,0,3,male,0,0,7.925
383,35.0,Southampton,1,1,female,1,0,52.0
384,29.69911764705882,Southampton,0,3,male,0,0,7.8958
386,1.0,Southampton,0,3,male,5,2,46.9
387,36.0,Southampton,1,2,female,0,0,13.0
388,29.69911764705882,Queenstown,0,3,male,0,0,7.7292
389,17.0,Cherbourg,1,2,female,0,0,12.0
391,21.0,Southampton,1,3,male,0,0,7.7958
392,28.0,Southampton,0,3,male,2,0,7.925
394,24.0,Southampton,1,3,female,0,2,16.7
395,22.0,Southampton,0,3,male,0,0,7.7958
396,31.0,Southampton,0,3,female,0,0,7.8542
397,46.0,Southampton,0,2,male,0,0,26.0
398,23.0,Southampton,0,2,male,0,0,10.5
399,28.0,Southampton,1,2,female,0,0,12.65
400,39.0,Southampton,1,3,male,0,0,7.925
401,26.0,Southampton,0,3,male,0,0,8.05
402,21.0,Southampton,0,3,female,1,0,9.825
403,28.0,Southampton,0,3,male,1,0,15.85
404,20.0,Southampton,0,3,female,0,0,8.6625
405,34.0,Southampton,0,2,male,1,0,21.0
406,51.0,Southampton,0,3,male,0,0,7.75
407,3.0,Southampton,1,2,male,1,1,18.75
408,21.0,Southampton,0,3,male,0,0,7.775
409,29.69911764705882,Southampton,0,3,female,3,1,25.4667
410,29.69911764705882,Southampton,0,3,male,0,0,7.8958
411,29.69911764705882,Queenstown,0,3,male,0,0,6.8583
413,29.69911764705882,Southampton,0,2,male,0,0,0.0
414,44.0,Southampton,1,3,male,0,0,7.925
415,29.69911764705882,Southampton,0,3,female,0,0,8.05
416,34.0,Southampton,1,2,female,1,1,32.5
417,18.0,Southampton,1,2,female,0,2,13.0
418,30.0,Southampton,0,2,male,0,0,13.0
419,10.0,Southampton,0,3,female,0,2,24.15
420,29.69911764705882,Cherbourg,0,3,male,0,0,7.8958
421,21.0,Queenstown,0,3,male,0,0,7.7333
422,29.0,Southampton,0,3,male,0,0,7.875
423,28.0,Southampton,0,3,female,1,1,14.4
424,18.0,Southampton,0,3,male,1,1,20.2125
425,29.69911764705882,Southampton,0,3,male,0,0,7.25
426,28.0,Southampton,1,2,female,1,0,26.0
427,19.0,Southampton,1,2,female,0,0,26.0
428,29.69911764705882,Queenstown,0,3,male,0,0,7.75
429,32.0,Southampton,1,3,male,0,0,8.05
430,28.0,Southampton,1,1,male,0,0,26.55
431,29.69911764705882,Southampton,1,3,female,1,0,16.1
432,42.0,Southampton,1,2,female,1,0,26.0
433,17.0,Southampton,0,3,male,0,0,7.125
434,50.0,Southampton,0,1,male,1,0,55.9
436,21.0,Southampton,0,3,female,2,2,34.375
437,24.0,Southampton,1,2,female,2,3,18.75
439,31.0,Southampton,0,2,male,0,0,10.5
440,45.0,Southampton,1,2,female,1,1,26.25
441,20.0,Southampton,0,3,male,0,0,9.5
442,25.0,Southampton,0,3,male,1,0,7.775
443,28.0,Southampton,1,2,female,0,0,13.0
444,29.69911764705882,Southampton,1,3,male,0,0,8.1125
446,13.0,Southampton,1,2,female,0,1,19.5
447,34.0,Southampton,1,1,male,0,0,26.55
448,5.0,Cherbourg,1,3,female,2,1,19.2583
449,52.0,Southampton,1,1,male,0,0,30.5
450,36.0,Southampton,0,2,male,1,2,27.75
451,29.69911764705882,Southampton,0,3,male,1,0,19.9667
452,30.0,Cherbourg,0,1,male,0,0,27.75
454,29.69911764705882,Southampton,0,3,male,0,0,8.05
455,29.0,Cherbourg,1,3,male,0,0,7.8958
456,65.0,Southampton,0,1,male,0,0,26.55
457,29.69911764705882,Southampton,1,1,female,1,0,51.8625
458,50.0,Southampton,1,2,female,0,0,10.5
459,29.69911764705882,Queenstown,0,3,male,0,0,7.75
460,48.0,Southampton,1,1,male,0,0,26.55
461,34.0,Southampton,0,3,male,0,0,8.05
462,47.0,Southampton,0,1,male,0,0,38.5
463,48.0,Southampton,0,2,male,0,0,13.0
464,29.69911764705882,Southampton,0,3,male,0,0,8.05
465,38.0,Southampton,0,3,male,0,0,7.05
466,29.69911764705882,Southampton,0,2,male,0,0,0.0
467,56.0,Southampton,0,1,male,0,0,26.55
468,29.69911764705882,Queenstown,0,3,male,0,0,7.725
469,0.75,Cherbourg,1,3,female,2,1,19.2583
470,29.69911764705882,Southampton,0,3,male,0,0,7.25
471,38.0,Southampton,0,3,male,0,0,8.6625
472,33.0,Southampton,1,2,female,1,2,27.75
473,23.0,Cherbourg,1,2,female,0,0,13.7917
474,22.0,Southampton,0,3,female,0,0,9.8375
475,29.69911764705882,Southampton,0,1,male,0,0,52.0
476,34.0,Southampton,0,2,male,1,0,21.0
477,29.0,Southampton,0,3,male,1,0,7.0458
478,22.0,Southampton,0,3,male,0,0,7.5208
479,2.0,Southampton,1,3,female,0,1,12.2875
480,9.0,Southampton,0,3,male,5,2,46.9
481,29.69911764705882,Southampton,0,2,male,0,0,0.0
482,50.0,Southampton,0,3,male,0,0,8.05
483,63.0,Southampton,1,3,female,0,0,9.5875
485,29.69911764705882,Southampton,0,3,female,3,1,25.4667
487,58.0,Cherbourg,0,1,male,0,0,29.7
488,30.0,Southampton,0,3,male,0,0,8.05
489,9.0,Southampton,1,3,male,1,1,15.9
490,29.69911764705882,Southampton,0,3,male,1,0,19.9667
491,21.0,Southampton,0,3,male,0,0,7.25
492,55.0,Southampton,0,1,male,0,0,30.5
493,71.0,Cherbourg,0,1,male,0,0,49.5042
494,21.0,Southampton,0,3,male,0,0,8.05
495,29.69911764705882,Cherbourg,0,3,male,0,0,14.4583
497,29.69911764705882,Southampton,0,3,male,0,0,15.1
499,24.0,Southampton,0,3,male,0,0,7.7958
500,17.0,Southampton,0,3,male,0,0,8.6625
501,21.0,Queenstown,0,3,female,0,0,7.75
502,29.69911764705882,Queenstown,0,3,female,0,0,7.6292
503,37.0,Southampton,0,3,female,0,0,9.5875
506,33.0,Southampton,1,2,female,0,2,26.0
507,29.69911764705882,Southampton,1,1,male,0,0,26.55
508,28.0,Southampton,0,3,male,0,0,22.525
509,26.0,Southampton,1,3,male,0,0,56.4958
510,29.0,Queenstown,1,3,male,0,0,7.75
511,29.69911764705882,Southampton,0,3,male,0,0,8.05
512,36.0,Southampton,1,1,male,0,0,26.2875
513,54.0,Cherbourg,1,1,female,1,0,59.4
514,24.0,Southampton,0,3,male,0,0,7.4958
515,47.0,Southampton,0,1,male,0,0,34.0208
516,34.0,Southampton,1,2,female,0,0,10.5
517,29.69911764705882,Queenstown,0,3,male,0,0,24.15
518,36.0,Southampton,1,2,female,1,0,26.0
519,32.0,Southampton,0,3,male,0,0,7.8958
521,22.0,Southampton,0,3,male,0,0,7.8958
522,29.69911764705882,Cherbourg,0,3,male,0,0,7.225
523,44.0,Cherbourg,1,1,female,0,1,57.9792
524,29.69911764705882,Cherbourg,0,3,male,0,0,7.2292
525,40.5,Queenstown,0,3,male,0,0,7.75
526,50.0,Southampton,1,2,female,0,0,10.5
528,39.0,Southampton,0,3,male,0,0,7.925
529,23.0,Southampton,0,2,male,2,1,11.5
530,2.0,Southampton,1,2,female,1,1,26.0
531,29.69911764705882,Cherbourg,0,3,male,0,0,7.2292
532,17.0,Cherbourg,0,3,male,1,1,7.2292
533,29.69911764705882,Cherbourg,1,3,female,0,2,22.3583
534,30.0,Southampton,0,3,female,0,0,8.6625
535,7.0,Southampton,1,2,female,0,2,26.25
536,45.0,Southampton,0,1,male,0,0,26.55
538,29.69911764705882,Southampton,0,3,male,0,0,14.5
539,22.0,Cherbourg,1,1,female,0,2,49.5
541,9.0,Southampton,0,3,female,4,2,31.275
542,11.0,Southampton,0,3,female,4,2,31.275
543,32.0,Southampton,1,2,male,1,0,26.0
545,64.0,Southampton,0,1,male,0,0,26.0
546,19.0,Southampton,1,2,female,1,0,26.0
547,29.69911764705882,Cherbourg,1,2,male,0,0,13.8625
548,33.0,Southampton,0,3,male,1,1,20.525
549,8.0,Southampton,1,2,male,1,1,36.75
551,27.0,Southampton,0,2,male,0,0,26.0
552,29.69911764705882,Queenstown,0,3,male,0,0,7.8292
553,22.0,Cherbourg,1,3,male,0,0,7.225
554,22.0,Southampton,1,3,female,0,0,7.775
555,62.0,Southampton,0,1,male,0,0,26.55
556,48.0,Cherbourg,1,1,female,1,0,39.6
559,36.0,Southampton,1,3,female,1,0,17.4
560,29.69911764705882,Queenstown,0,3,male,0,0,7.75
561,40.0,Southampton,0,3,male,0,0,7.8958
562,28.0,Southampton,0,2,male,0,0,13.5
563,29.69911764705882,Southampton,0,3,male,0,0,8.05
564,29.69911764705882,Southampton,0,3,female,0,0,8.05
565,24.0,Southampton,0,3,male,2,0,24.15
566,19.0,Southampton,0,3,male,0,0,7.8958
567,29.0,Southampton,0,3,female,0,4,21.075
568,29.69911764705882,Cherbourg,0,3,male,0,0,7.2292
569,32.0,Southampton,1,3,male,0,0,7.8542
570,62.0,Southampton,1,2,male,0,0,10.5
571,53.0,Southampton,1,1,female,2,0,51.4792
572,36.0,Southampton,1,1,male,0,0,26.3875
573,29.69911764705882,Queenstown,1,3,female,0,0,7.75
574,16.0,Southampton,0,3,male,0,0,8.05
575,19.0,Southampton,0,3,male,0,0,14.5
576,34.0,Southampton,1,2,female,0,0,13.0
577,39.0,Southampton,1,1,female,1,0,55.9
578,29.69911764705882,Cherbourg,0,3,female,1,0,14.4583
579,32.0,Southampton,1,3,male,0,0,7.925
580,25.0,Southampton,1,2,female,1,1,30.0
582,54.0,Southampton,0,2,male,0,0,26.0
583,36.0,Cherbourg,0,1,male,0,0,40.125
584,29.69911764705882,Cherbourg,0,3,male,0,0,8.7125
586,47.0,Southampton,0,2,male,0,0,15.0
588,22.0,Southampton,0,3,male,0,0,8.05
589,29.69911764705882,Southampton,0,3,male,0,0,8.05
590,35.0,Southampton,0,3,male,0,0,7.125
592,47.0,Southampton,0,3,male,0,0,7.25
593,29.69911764705882,Queenstown,0,3,female,0,2,7.75
594,37.0,Southampton,0,2,male,1,0,26.0
595,36.0,Southampton,0,3,male,1,1,24.15
596,29.69911764705882,Southampton,1,2,female,0,0,33.0
597,49.0,Southampton,0,3,male,0,0,0.0
598,29.69911764705882,Cherbourg,0,3,male,0,0,7.225
599,49.0,Cherbourg,1,1,male,1,0,56.9292
600,24.0,Southampton,1,2,female,2,1,27.0
601,29.69911764705882,Southampton,0,3,male,0,0,7.8958
602,29.69911764705882,Southampton,0,1,male,0,0,42.4
603,44.0,Southampton,0,3,male,0,0,8.05
604,35.0,Cherbourg,1,1,male,0,0,26.55
605,36.0,Southampton,0,3,male,1,0,15.55
606,30.0,Southampton,0,3,male,0,0,7.8958
607,27.0,Southampton,1,1,male,0,0,30.5
608,22.0,Cherbourg,1,2,female,1,2,41.5792
610,39.0,Southampton,0,3,female,1,5,31.275
611,29.69911764705882,Southampton,0,3,male,0,0,7.05
612,29.69911764705882,Queenstown,1,3,female,1,0,15.5
613,29.69911764705882,Queenstown,0,3,male,0,0,7.75
614,35.0,Southampton,0,3,male,0,0,8.05
615,24.0,Southampton,1,2,female,1,2,65.0
616,34.0,Southampton,0,3,male,1,1,14.4
617,26.0,Southampton,0,3,female,1,0,16.1
618,4.0,Southampton,1,2,female,2,1,39.0
619,26.0,Southampton,0,2,male,0,0,10.5
620,27.0,Cherbourg,0,3,male,1,0,14.4542
621,42.0,Southampton,1,1,male,1,0,52.5542
622,20.0,Cherbourg,1,3,male,1,1,15.7417
623,21.0,Southampton,0,3,male,0,0,7.8542
624,21.0,Southampton,0,3,male,0,0,16.1
625,61.0,Southampton,0,1,male,0,0,32.3208
626,57.0,Queenstown,0,2,male,0,0,12.35
628,26.0,Southampton,0,3,male,0,0,7.8958
629,29.69911764705882,Queenstown,0,3,male,0,0,7.7333
630,80.0,Southampton,1,1,male,0,0,30.0
631,51.0,Southampton,0,3,male,0,0,7.0542
632,32.0,Cherbourg,1,1,male,0,0,30.5
633,29.69911764705882,Southampton,0,1,male,0,0,0.0
634,9.0,Southampton,0,3,female,3,2,27.9
635,28.0,Southampton,1,2,female,0,0,13.0
636,32.0,Southampton,0,3,male,0,0,7.925
637,31.0,Southampton,0,2,male,1,1,26.25
638,41.0,Southampton,0,3,female,0,5,39.6875
639,29.69911764705882,Southampton,0,3,male,1,0,16.1
640,20.0,Southampton,0,3,male,0,0,7.8542
642,2.0,Southampton,0,3,female,3,2,27.9
643,29.69911764705882,Southampton,1,3,male,0,0,56.4958
644,0.75,Cherbourg,1,3,female,2,1,19.2583
646,19.0,Southampton,0,3,male,0,0,7.8958
647,56.0,Cherbourg,1,1,male,0,0,35.5
648,29.69911764705882,Southampton,0,3,male,0,0,7.55
649,23.0,Southampton,1,3,female,0,0,7.55
650,29.69911764705882,Southampton,0,3,male,0,0,7.8958
651,18.0,Southampton,1,2,female,0,1,23.0
652,21.0,Southampton,0,3,male,0,0,8.4333
653,29.69911764705882,Queenstown,1,3,female,0,0,7.8292
654,18.0,Queenstown,0,3,female,0,0,6.75
656,29.69911764705882,Southampton,0,3,male,0,0,7.8958
657,32.0,Queenstown,0,3,female,1,1,15.5
658,23.0,Southampton,0,2,male,0,0,13.0
661,40.0,Cherbourg,0,3,male,0,0,7.225
662,47.0,Southampton,0,1,male,0,0,25.5875
663,36.0,Southampton,0,3,male,0,0,7.4958
664,20.0,Southampton,1,3,male,1,0,7.925
666,25.0,Southampton,0,2,male,0,0,13.0
667,29.69911764705882,Southampton,0,3,male,0,0,7.775
668,43.0,Southampton,0,3,male,0,0,8.05
669,29.69911764705882,Southampton,1,1,female,1,0,52.0
670,40.0,Southampton,1,2,female,1,1,39.0
671,31.0,Southampton,0,1,male,1,0,52.0
672,70.0,Southampton,0,2,male,0,0,10.5
673,31.0,Southampton,1,2,male,0,0,13.0
674,29.69911764705882,Southampton,0,2,male,0,0,0.0
675,18.0,Southampton,0,3,male,0,0,7.775
676,24.5,Southampton,0,3,male,0,0,8.05
677,18.0,Southampton,1,3,female,0,0,9.8417
678,43.0,Southampton,0,3,female,1,6,46.9
680,29.69911764705882,Queenstown,0,3,female,0,0,8.1375
682,20.0,Southampton,0,3,male,0,0,9.225
683,14.0,Southampton,0,3,male,5,2,46.9
684,60.0,Southampton,0,2,male,1,1,39.0
685,25.0,Cherbourg,0,2,male,1,2,41.5792
686,14.0,Southampton,0,3,male,4,1,39.6875
687,19.0,Southampton,0,3,male,0,0,10.1708
688,18.0,Southampton,0,3,male,0,0,7.7958
690,31.0,Southampton,1,1,male,1,0,57.0
691,4.0,Cherbourg,1,3,female,0,1,13.4167
692,29.69911764705882,Southampton,1,3,male,0,0,56.4958
693,25.0,Cherbourg,0,3,male,0,0,7.225
694,60.0,Southampton,0,1,male,0,0,26.55
695,52.0,Southampton,0,2,male,0,0,13.5
696,44.0,Southampton,0,3,male,0,0,8.05
697,29.69911764705882,Queenstown,1,3,female,0,0,7.7333
699,42.0,Southampton,0,3,male,0,0,7.65
701,35.0,Southampton,1,1,male,0,0,26.2875
702,18.0,Cherbourg,0,3,female,0,1,14.4542
703,25.0,Queenstown,0,3,male,0,0,7.7417
704,26.0,Southampton,0,3,male,1,0,7.8542
705,39.0,Southampton,0,2,male,0,0,26.0
706,45.0,Southampton,1,2,female,0,0,13.5
707,42.0,Southampton,1,1,male,0,0,26.2875
709,29.69911764705882,Cherbourg,1,3,male,1,1,15.2458
710,24.0,Cherbourg,1,1,female,0,0,49.5042
711,29.69911764705882,Southampton,0,1,male,0,0,26.55
712,48.0,Southampton,1,1,male,1,0,52.0
713,29.0,Southampton,0,3,male,0,0,9.4833
714,52.0,Southampton,0,2,male,0,0,13.0
715,19.0,Southampton,0,3,male,0,0,7.65
717,27.0,Southampton,1,2,female,0,0,10.5
718,29.69911764705882,Queenstown,0,3,male,0,0,15.5
719,33.0,Southampton,0,3,male,0,0,7.775
720,6.0,Southampton,1,2,female,0,1,33.0
721,17.0,Southampton,0,3,male,1,0,7.0542
722,34.0,Southampton,0,2,male,0,0,13.0
723,50.0,Southampton,0,2,male,0,0,13.0
724,27.0,Southampton,1,1,male,1,0,53.1
725,20.0,Southampton,0,3,male,0,0,8.6625
726,30.0,Southampton,1,2,female,3,0,21.0
727,29.69911764705882,Queenstown,1,3,female,0,0,7.7375
728,25.0,Southampton,0,2,male,1,0,26.0
729,25.0,Southampton,0,3,female,1,0,7.925
731,11.0,Cherbourg,0,3,male,0,0,18.7875
732,29.69911764705882,Southampton,0,2,male,0,0,0.0
733,23.0,Southampton,0,2,male,0,0,13.0
734,23.0,Southampton,0,2,male,0,0,13.0
735,28.5,Southampton,0,3,male,0,0,16.1
736,48.0,Southampton,0,3,female,1,3,34.375
738,29.69911764705882,Southampton,0,3,male,0,0,7.8958
739,29.69911764705882,Southampton,0,3,male,0,0,7.8958
740,29.69911764705882,Southampton,1,1,male,0,0,30.0
743,24.0,Southampton,0,3,male,1,0,16.1
744,31.0,Southampton,1,3,male,0,0,7.925
746,16.0,Southampton,0,3,male,1,1,20.25
747,30.0,Southampton,1,2,female,0,0,13.0
748,19.0,Southampton,0,1,male,1,0,53.1
749,31.0,Queenstown,0,3,male,0,0,7.75
750,4.0,Southampton,1,2,female,1,1,23.0
751,6.0,Southampton,1,3,male,0,1,12.475
752,33.0,Southampton,0,3,male,0,0,9.5
753,23.0,Southampton,0,3,male,0,0,7.8958
754,48.0,Southampton,1,2,female,1,2,65.0
755,0.67,Southampton,1,2,male,1,1,14.5
756,28.0,Southampton,0,3,male,0,0,7.7958
757,18.0,Southampton,0,2,male,0,0,11.5
758,34.0,Southampton,0,3,male,0,0,8.05
760,29.69911764705882,Southampton,0,3,male,0,0,14.5
761,41.0,Southampton,0,3,male,0,0,7.125
762,20.0,Cherbourg,1,3,male,0,0,7.2292
764,16.0,Southampton,0,3,male,0,0,7.775
766,29.69911764705882,Cherbourg,0,1,male,0,0,39.6
767,30.5,Queenstown,0,3,female,0,0,7.75
768,29.69911764705882,Queenstown,0,3,male,1,0,24.15
769,32.0,Southampton,0,3,male,0,0,8.3625
770,24.0,Southampton,0,3,male,0,0,9.5
771,48.0,Southampton,0,3,male,0,0,7.8542
772,57.0,Southampton,0,2,female,0,0,10.5
773,29.69911764705882,Cherbourg,0,3,male,0,0,7.225
774,54.0,Southampton,1,2,female,1,3,23.0
775,18.0,Southampton,0,3,male,0,0,7.75
776,29.69911764705882,Queenstown,0,3,male,0,0,7.75
777,5.0,Southampton,1,3,female,0,0,12.475
778,29.69911764705882,Queenstown,0,3,male,0,0,7.7375
780,13.0,Cherbourg,1,3,female,0,0,7.2292
781,17.0,Southampton,1,1,female,1,0,57.0
782,29.0,Southampton,0,1,male,0,0,30.0
783,29.69911764705882,Southampton,0,3,male,1,2,23.45
784,25.0,Southampton,0,3,male,0,0,7.05
785,25.0,Southampton,0,3,male,0,0,7.25
786,18.0,Southampton,1,3,female,0,0,7.4958
787,8.0,Queenstown,0,3,male,4,1,29.125
788,1.0,Southampton,1,3,male,1,2,20.575
790,29.69911764705882,Queenstown,0,3,male,0,0,7.75
791,16.0,Southampton,0,2,male,0,0,26.0
793,29.69911764705882,Cherbourg,0,1,male,0,0,30.6958
794,25.0,Southampton,0,3,male,0,0,7.8958
795,39.0,Southampton,0,2,male,0,0,13.0
796,49.0,Southampton,1,1,female,0,0,25.9292
797,31.0,Southampton,1,3,female,0,0,8.6833
798,30.0,Cherbourg,0,3,male,0,0,7.2292
799,30.0,Southampton,0,3,female,1,1,24.15
800,34.0,Southampton,0,2,male,0,0,13.0
801,31.0,Southampton,1,2,female,1,1,26.25
803,0.42,Cherbourg,1,3,male,0,1,8.5167
804,27.0,Southampton,1,3,male,0,0,6.975
805,31.0,Southampton,0,3,male,0,0,7.775
806,39.0,Southampton,0,1,male,0,0,0.0
807,18.0,Southampton,0,3,female,0,0,7.775
808,39.0,Southampton,0,2,male,0,0,13.0
809,33.0,Southampton,1,1,female,1,0,53.1
810,26.0,Southampton,0,3,male,0,0,7.8875
811,39.0,Southampton,0,3,male,0,0,24.15
812,35.0,Southampton,0,2,male,0,0,10.5
813,6.0,Southampton,0,3,female,4,2,31.275
814,30.5,Southampton,0,3,male,0,0,8.05
815,29.69911764705882,Southampton,0,1,male,0,0,0.0
816,23.0,Southampton,0,3,female,0,0,7.925
817,31.0,Cherbourg,0,2,male,1,1,37.0042
818,43.0,Southampton,0,3,male,0,0,6.45
819,10.0,Southampton,0,3,male,3,2,27.9
821,27.0,Southampton,1,3,male,0,0,8.6625
822,38.0,Southampton,0,1,male,0,0,0.0
823,27.0,Southampton,1,3,female,0,1,12.475
824,2.0,Southampton,0,3,male,4,1,39.6875
825,29.69911764705882,Queenstown,0,3,male,0,0,6.95
826,29.69911764705882,Southampton,0,3,male,0,0,56.4958
827,1.0,Cherbourg,1,2,male,0,2,37.0042
828,29.69911764705882,Queenstown,1,3,male,0,0,7.75
830,15.0,Cherbourg,1,3,female,1,0,14.4542
831,0.83,Southampton,1,2,male,1,1,18.75
832,29.69911764705882,Cherbourg,0,3,male,0,0,7.2292
833,23.0,Southampton,0,3,male,0,0,7.8542
834,18.0,Southampton,0,3,male,0,0,8.3
836,21.0,Southampton,0,3,male,0,0,8.6625
837,29.69911764705882,Southampton,0,3,male,0,0,8.05
838,32.0,Southampton,1,3,male,0,0,56.4958
839,29.69911764705882,Cherbourg,1,1,male,0,0,29.7
840,20.0,Southampton,0,3,male,0,0,7.925
841,16.0,Southampton,0,2,male,0,0,10.5
842,30.0,Cherbourg,1,1,female,0,0,31.0
843,34.5,Cherbourg,0,3,male,0,0,6.4375
844,17.0,Southampton,0,3,male,0,0,8.6625
845,42.0,Southampton,0,3,male,0,0,7.55
847,35.0,Cherbourg,0,3,male,0,0,7.8958
848,28.0,Southampton,0,2,male,0,1,33.0
850,4.0,Southampton,0,3,male,4,2,31.275
851,74.0,Southampton,0,3,male,0,0,7.775
852,9.0,Cherbourg,0,3,female,1,1,15.2458
853,16.0,Southampton,1,1,female,0,1,39.4
854,44.0,Southampton,0,2,female,1,0,26.0
855,18.0,Southampton,1,3,female,0,1,9.35
857,51.0,Southampton,1,1,male,0,0,26.55
858,24.0,Cherbourg,1,3,female,0,3,19.2583
859,29.69911764705882,Cherbourg,0,3,male,0,0,7.2292
860,41.0,Southampton,0,3,male,2,0,14.1083
861,21.0,Southampton,0,2,male,1,0,11.5
862,48.0,Southampton,1,1,female,0,0,25.9292
864,24.0,Southampton,0,2,male,0,0,13.0
865,42.0,Southampton,1,2,female,0,0,13.0
866,27.0,Cherbourg,1,2,female,1,0,13.8583
867,31.0,Southampton,0,1,male,0,0,50.4958
868,29.69911764705882,Southampton,0,3,male,0,0,9.5
869,4.0,Southampton,1,3,male,1,1,11.1333
870,26.0,Southampton,0,3,male,0,0,7.8958
871,47.0,Southampton,1,1,female,1,1,52.5542
872,33.0,Southampton,0,1,male,0,0,5.0
873,47.0,Southampton,0,3,male,0,0,9.0
874,28.0,Cherbourg,1,2,female,1,0,24.0
875,15.0,Cherbourg,1,3,female,0,0,7.225
876,20.0,Southampton,0,3,male,0,0,9.8458
877,19.0,Southampton,0,3,male,0,0,7.8958
878,29.69911764705882,Southampton,0,3,male,0,0,7.8958
880,25.0,Southampton,1,2,female,0,1,26.0
881,33.0,Southampton,0,3,male,0,0,7.8958
882,22.0,Southampton,0,3,female,0,0,10.5167
883,28.0,Southampton,0,2,male,0,0,10.5
884,25.0,Southampton,0,3,male,0,0,7.05
885,39.0,Queenstown,0,3,female,0,5,29.125
886,27.0,Southampton,0,2,male,0,0,13.0
887,19.0,Southampton,1,1,female,0,0,30.0
888,29.69911764705882,Southampton,0,3,female,1,2,23.45
889,26.0,Cherbourg,1,1,male,0,0,30.0
890,32.0,Queenstown,0,3,male,0,0,7.75
